review,sentiment
"Absolutely love this product, exceeded my expectations!",Positive
"Fast shipping and great quality, highly recommend.",Positive
"Best purchase I have made all year, works perfectly.",Positive
"Excellent customer service and a fantastic product.",Positive
"This is exactly what I needed, works like a charm.",Positive
"Superb build quality and very comfortable to use.",Positive
"I am impressed with how well this performs every day.",Positive
"Great value for the price, very satisfied.",Positive
"The design is beautiful and it works flawlessly.",Positive
"Wonderful experience from start to finish, will buy again.",Positive
"Terrible quality, broke after just two days.",Negative
"Very disappointed, this was a waste of money.",Negative
"The product arrived damaged and customer support ignored me.",Negative
"Awful experience, would not recommend to anyone.",Negative
"Poor build quality and it stopped working quickly.",Negative
"This is the worst purchase I have ever made.",Negative
"Completely useless, does not work as advertised.",Negative
"The material feels cheap and it broke immediately.",Negative
"Horrible customer service and a defective product.",Negative
"I regret buying this, total waste of time and money.",Negative
"The package arrived on time as expected.",Neutral
"It does what it says, nothing more nothing less.",Neutral
"The product is okay, not great but not bad either.",Neutral
"I received the item and it matches the description.",Neutral
"Average quality for the price, meets basic needs.",Neutral
"The color is slightly different from the photos.",Neutral
"It works fine but the instructions were unclear.",Neutral
"Delivery took about a week, which was expected.",Neutral
"The item is functional but nothing special.",Neutral
"This is a standard product with no major issues.",Neutral
